{
  "core/base_strategy.py": 1777456565.962978,
  "core/risk_gate.py": 1777456565.9643013,
  "core/__init__.py": 1777456565.9628222,
  "core/instrument_cache.py": 1777456565.963809,
  "core/data_feed.py": 1777456565.963242,
  "core/event_bus.py": 1777456565.9634922,
  "core/strategy_loader.py": 1777456565.964663,
  "core/order_router.py": 1777456565.9642012,
  "core/state.py": 1777456565.9644177,
  "frontend/eslint.config.js": 1777456565.9655967,
  "frontend/vite.config.ts": 1777456565.9729044,
  "frontend/src/App.tsx": 1777456565.9673762,
  "frontend/src/main.tsx": 1777456565.9706037,
  "frontend/src/router.tsx": 1777456565.9724617,
  "frontend/src/components/SearchBar.tsx": 1777456565.968972,
  "frontend/src/components/StatusBadge.tsx": 1777456565.9690676,
  "frontend/src/components/Layout.tsx": 1777456565.9686427,
  "frontend/src/components/PnlChart.tsx": 1777456565.9687316,
  "frontend/src/hooks/useSymbolQuote.ts": 1777456565.9692836,
  "frontend/src/lib/auth.tsx": 1777456565.9700124,
  "frontend/src/lib/api.ts": 1777456565.969886,
  "frontend/src/lib/ws.ts": 1777456565.9704983,
  "frontend/src/lib/quotes.tsx": 1777456565.9703329,
  "frontend/src/pages/Login.tsx": 1777456565.9713237,
  "frontend/src/pages/Dashboard.tsx": 1777456565.9711535,
  "frontend/src/pages/Positions.tsx": 1777456565.9716072,
  "frontend/src/pages/SymbolPage.tsx": 1777456565.9721093,
  "frontend/src/pages/Trades.tsx": 1777456565.972369,
  "frontend/src/pages/AuthCallback.tsx": 1777456565.9708736,
  "frontend/src/pages/Strategies.tsx": 1777456565.9718475,
  "strategies/positional_futures.py": 1777456565.9743671,
  "strategies/nifty_expiry_straddle.py": 1777456565.9740071,
  "strategies/intraday_options_buy.py": 1777456565.9736633,
  "alerts/telegram.py": 1777456565.962046,
  "dashboard/app.py": 1777456565.9648328,
  "api/__init__.py": 1777456565.9621837,
  "api/main.py": 1777456565.9626155,
  "requirements.txt": 1777456565.9732504,
  "CLAUDE.md": 1777462082.242738,
  "frontend/index.html": 1777456565.9657302,
  "frontend/README.md": 1777456565.9654875,
  "frontend/public/icons.svg": 1777456565.9670749,
  "frontend/public/favicon.svg": 1777456565.9668238,
  "frontend/src/assets/hero.png": 1777456565.9676566,
  "frontend/src/assets/vite.svg": 1777456565.9682453,
  "frontend/src/assets/react.svg": 1777456565.9679117
}